league,tier,strength
Premier League,1,100
UEFA Champions League,1,100
LaLiga,1,97
Bundesliga,1,94
Serie A,1,94
Ligue 1,1,88
UEFA Europa League,2,80
Eredivisie,2,78
Primeira Liga (Portugal),2,76
Süper Lig (Turquía),2,74
Bélgica,2,72
Championship (Inglaterra 2ª),2,70
Copa Libertadores,3,68
Brasil – Série A,3,65
Liga MX,3,59
Argentina,3,57
CONCACAF Champions Cup,3,57
MLS,3,55
LaLiga 2,3,53
Escocia,3,52
Suiza Super League,3,50
Rusia,3,45
2. Bundesliga,3,43
Colombia,4,41
Ecuador,4,41
Uruguay,4,40
Chile,4,38
Paraguay,4,37
Ligue 2,4,35
Polonia,4,34
Chequia (República Checa),4,33
Serie B (Italia),4,32
Noruega,4,31
China,4,29
Perú,5,28
EFL League One,6,22
Australia,6,20
EFL League Two,6,18
Suiza Challenger League,6,18
USL Championship,6,16
