sc_player_id,player_name_sc,team_name_sc,league,side
4809,Javier Hernández Balcázar,Club Deportivo Guadalajara,Liga MX,skillcorner
18021,Víctor Alfonso Guzmán Guzmán,Club de Fútbol Pachuca,Liga MX,skillcorner
18022,Jesús Alberto Angulo Uriarte,Club de Fútbol Tigres de la UNAL,Liga MX,skillcorner
36224,Jorge Alejandro Rodríguez Hernández,Club de Fútbol Atlas,Liga MX,skillcorner
978231,Fernando González Peña,Querétaro Fútbol Club,Liga MX,skillcorner
1028613,Carlos Alberto Rodríguez Santos,Club de Fútbol Tigres de la UNAL,Liga MX,skillcorner
3305,Facundo Sebastián Roncaglia,CA Sarmiento,Argentina,skillcorner
4444,Iker Muniain Goñi,Club Atlético San Lorenzo de Almagro,Argentina,skillcorner
6413,Luis Jan Piers Advíncula Castrillón,Club Atlético Boca Juniors,Argentina,skillcorner
8315,Pablo Ezequiel De Blasis,Gimnasia y Esgrima La Plata,Argentina,skillcorner
9184,Rodrigo Andrés Battaglia,Club Atlético Boca Juniors,Argentina,skillcorner
12062,Miguel Ángel Borja Hernández,Club Atlético River Plate,Argentina,skillcorner
13738,Blás Miguel Riveros Galeano,Club Atlético Talleres,Argentina,skillcorner
14930,Lautaro Fausto Grillo,CA Belgrano de Córdoba,Argentina,skillcorner
15383,Matías Exequiel Orihuela,CA Tucuman,Argentina,skillcorner
18238,Richard Rafael Sánchez Guerrero,Racing Club de Avellaneda,Argentina,skillcorner
18252,Eduar Ayrton Preciado Garcia,CA Aldosivi,Argentina,skillcorner
23114,Darío Ismael Benedetto,Club Atlético Newell's Old Boys,Argentina,skillcorner
23214,Víctor Emanuel Aguilera,Club Social y Deportivo Defensa y Justicia,Argentina,skillcorner
23635,Pablo Ignacio Galdames Millán,CA Independiente,Argentina,skillcorner
23669,Carlos Gabriel González Espínola,Club Atlético Newell's Old Boys,Argentina,skillcorner
24316,Esteban Rodrigo Burgos,CA San Martín de San Juan,Argentina,skillcorner
24758,Leonardo Rafael Jara,Club Deportivo Godoy Cruz Antonio Tomba,Argentina,skillcorner
24950,Milton Óscar Casco,Club Atlético River Plate,Argentina,skillcorner
24959,Juan Gabriel Rodríguez,Club Atlético Talleres,Argentina,skillcorner
24961,Francisco Andrés Pizzini,Club Atlético Vélez Sarsfield,Argentina,skillcorner
25435,Guillermo Matías Fernández,Club Deportivo Godoy Cruz Antonio Tomba,Argentina,skillcorner
25439,Emanuel Reynoso,Club Atlético Talleres,Argentina,skillcorner
25956,Álvaro Anyiver Angulo Mosquera,CA Independiente,Argentina,skillcorner
25958,Kevin Alexander Balanta Lucumí,Club Social y Deportivo Defensa y Justicia,Argentina,skillcorner
26254,Francisco Joel Gerometta,Club Atlético Unión,Argentina,skillcorner
26257,Horacio Gabriel Carabajal,CA Sarmiento,Argentina,skillcorner
26267,Damián Iván Batallini,Instituto AC Córdoba,Argentina,skillcorner
26268,Francis Manuel Mac Allister,Instituto AC Córdoba,Argentina,skillcorner
26298,Rodrigo Emanuel Cecchini,Club Atlético San Lorenzo de Almagro,Argentina,skillcorner
26301,Agustín Bouzat,Club Atlético Vélez Sarsfield,Argentina,skillcorner
26306,Matías De los Santos De los Santos,CA Tucuman,Argentina,skillcorner
26324,Jonathan Sebastián Galván,Club Atlético Central Córdoba,Argentina,skillcorner
26325,Aníbal Jonathan Gastón Bay,CA Platense,Argentina,skillcorner
26462,Miguel Marcelo Brizuela,CA Tucuman,Argentina,skillcorner
26469,Sebastián Alberto Palacios,Club Atlético Talleres,Argentina,skillcorner
26510,Tomás Cardona,CA Tigre,Argentina,skillcorner
26513,Valentín Alberto Burgoa,CA Sarmiento,Argentina,skillcorner
26537,Nahuel Lautaro Bustos,Club Atlético Talleres,Argentina,skillcorner
26557,Iván Alexis Pillud,Club Atlético Central Córdoba,Argentina,skillcorner
28473,Carlos Alonso Enrique Palacios Núñez,Club Atlético Boca Juniors,Argentina,skillcorner
28530,Guillermo Gastón Acosta,CA Tucuman,Argentina,skillcorner
28532,Yonathan Emanuel Cabral,CA Aldosivi,Argentina,skillcorner
28629,Jan Carlos Hurtado Anchico,Gimnasia y Esgrima La Plata,Argentina,skillcorner
28637,Carlos Daniel Auzqui,CA Tucuman,Argentina,skillcorner
28644,Facundo Tomás Quignón,CA Belgrano de Córdoba,Argentina,skillcorner
28654,Mauricio Luciano Lollo,Club Atlético Newell's Old Boys,Argentina,skillcorner
28700,Héctor Hugo Fértoli,CA Tigre,Argentina,skillcorner
28706,Rafael Marcelo Delgado,Club Social y Deportivo Defensa y Justicia,Argentina,skillcorner
28712,Diego Hernán González,CA San Martín de San Juan,Argentina,skillcorner
28747,Agustín Ezequiel Almendra,Racing Club de Avellaneda,Argentina,skillcorner
28755,Facundo Mura,Racing Club de Avellaneda,Argentina,skillcorner
29736,Thomas Sebastian Ortega,CS Independiente Rivadavia,Argentina,skillcorner
29743,Agustín José Urzi,Club Atlético Huracán,Argentina,skillcorner
29762,Alejo Gastón Montero,Club Atlético Newell's Old Boys,Argentina,skillcorner
34274,Roberto Nicolás Fernández Fagúndez,Club Deportivo Godoy Cruz Antonio Tomba,Argentina,skillcorner
34313,Lucas Agustín Ferreira Zagas,Club Social y Deportivo Defensa y Justicia,Argentina,skillcorner
34342,Leandro Suhr Avondet,CA Sarmiento,Argentina,skillcorner
34347,Martín Alejandro Fernández Figueira,Club Atlético Newell's Old Boys,Argentina,skillcorner
34347,Martín Alejandro Fernández Figueira,Gimnasia y Esgrima La Plata,Argentina,skillcorner
35580,Mateo Agustín Coronel,CA Tucuman,Argentina,skillcorner
35602,Francisco Agustín González,Club Social y Deportivo Defensa y Justicia,Argentina,skillcorner
35868,Juan Marcelo Escobar Chena,Club Deportivo Godoy Cruz Antonio Tomba,Argentina,skillcorner
36546,Miguel Ángel Navarro Zárate,Club Atlético Talleres,Argentina,skillcorner
36649,Luca Leovino Martínez Dupuy,Club Deportivo Godoy Cruz Antonio Tomba,Argentina,skillcorner
36682,Marcos Luis Arturia,CA Banfield,Argentina,skillcorner
36709,Leonel Marcelo Picco,CA Platense,Argentina,skillcorner
36729,Federico Girotti Bonazza,Club Atlético Talleres,Argentina,skillcorner
36771,Alejo Germán Tabares,Club Atlético Newell's Old Boys,Argentina,skillcorner
36774,Franco Ezequiel Frías,CA Sarmiento,Argentina,skillcorner
36777,Ignacio Daniel Maestro Puch,CA San Martín de San Juan,Argentina,skillcorner
36780,Facundo Leonel Máter,CA Barracas Central,Argentina,skillcorner
36836,Santiago Simón,Club Atlético River Plate,Argentina,skillcorner
36871,Nicolás Garayalde,Gimnasia y Esgrima La Plata,Argentina,skillcorner
36900,Juan Manuel García,Club Atlético Newell's Old Boys,Argentina,skillcorner
38172,Rodrigo Fernández Cedrés,CA Independiente,Argentina,skillcorner
38548,Adrián Martín Balboa Camacho,Racing Club de Avellaneda,Argentina,skillcorner
38610,Santiago Arzamendia Duarte,Estudiantes de La Plata,Argentina,skillcorner
39207,Aníbal Leguizamón Espínola,CA Belgrano de Córdoba,Argentina,skillcorner
40836,Joaquín Gho,CA Sarmiento,Argentina,skillcorner
42549,Ramiro Sebastián Di Luciano,CA Banfield,Argentina,skillcorner
43370,Justo Giani,CA Aldosivi,Argentina,skillcorner
43465,Ángelo Martino,Club Atlético Newell's Old Boys,Argentina,skillcorner
43495,Gastón Américo Benavídez,Club Atlético Talleres,Argentina,skillcorner
43552,Luca Alexander Sosa,Club Atlético Newell's Old Boys,Argentina,skillcorner
43593,Emanuel Tomás Beltrán Bardas,Instituto AC Córdoba,Argentina,skillcorner
43929,Bastián Jean Yáñez Miranda,Club Deportivo Godoy Cruz Antonio Tomba,Argentina,skillcorner
43999,Juan Camilo Portilla Orozco,Club Atlético Talleres,Argentina,skillcorner
44452,Nicolás Quagliata Platero,Club Atlético Central Córdoba,Argentina,skillcorner
48060,Tomás Leonardo Lecanda,CA San Martín de San Juan,Argentina,skillcorner
57429,Lautaro Rolando Chávez,CA Aldosivi,Argentina,skillcorner
58752,Franco Pedro Baldassarra,CA Platense,Argentina,skillcorner
58757,Luciano Leonel Recalde,CA San Martín de San Juan,Argentina,skillcorner
58774,Ignacio Schor,CA Platense,Argentina,skillcorner
59042,Matías Alejandro Galarza,Club Atlético Talleres,Argentina,skillcorner
60559,Vicente Taborda,CA Platense,Argentina,skillcorner
63227,Vicente Poggi Sassi,Club Deportivo Godoy Cruz Antonio Tomba,Argentina,skillcorner
65857,David Maximiliano González,Club Deportivo Godoy Cruz Antonio Tomba,Argentina,skillcorner
65858,Federico Rasmussen,Club Deportivo Godoy Cruz Antonio Tomba,Argentina,skillcorner
66525,Alejandro Piedrahita Díaz,Gimnasia y Esgrima La Plata,Argentina,skillcorner
68237,Juan Andrés Meli,Club Deportivo Godoy Cruz Antonio Tomba,Argentina,skillcorner
70724,Tomás Jacob,Club Atlético Newell's Old Boys,Argentina,skillcorner
71240,Bryan Roberto Reyna Casaverde,CA Belgrano de Córdoba,Argentina,skillcorner
72368,Ronaldo De Jesús López,CA Lanús,Argentina,skillcorner
115140,Rodrigo Agustín Saravia Salvia,CA Belgrano de Córdoba,Argentina,skillcorner
117896,Alexis Castillo Manyoma,Estudiantes de La Plata,Argentina,skillcorner
118881,Dylan Emanuel Glaby,Club Atlético Central Córdoba,Argentina,skillcorner
121479,Sebastián Jaurena,CA San Martín de San Juan,Argentina,skillcorner
152204,Lorenzo Scipioni,CA Tigre,Argentina,skillcorner
156480,Santiago Hidalgo Massa,CA Independiente,Argentina,skillcorner
165543,José María Herrera,Asociación Atlética Argentinos Juniors,Argentina,skillcorner
167744,Tobías Ariel Cervera Cadi,CA Aldosivi,Argentina,skillcorner
167745,Elián Mateo Irala,Club Atlético San Lorenzo de Almagro,Argentina,skillcorner
170487,Ignacio Guerrico,CA Aldosivi,Argentina,skillcorner
179955,Christian Nahuel Ordoñez,Club Atlético Vélez Sarsfield,Argentina,skillcorner
244189,Juan Sebastián Boselli Graf,Estudiantes de La Plata,Argentina,skillcorner
317276,Kevin Daniel Parzajuk Rodríguez,Club Deportivo Godoy Cruz Antonio Tomba,Argentina,skillcorner
519954,Lucas Nicolás Abascia,Club Atlético Central Córdoba,Argentina,skillcorner
531344,Lucas Martín Diarte,CA San Martín de San Juan,Argentina,skillcorner
537447,Kevin Miguel Ángel López,CA Tucuman,Argentina,skillcorner
539832,Santiago Morales,CA Sarmiento,Argentina,skillcorner
539833,Mauro Martín Peinipil,CS Independiente Rivadavia,Argentina,skillcorner
540283,Agustín Nicolas Alaniz Sani,CA Banfield,Argentina,skillcorner
541169,Mateo Tomás Mendoza,Club Deportivo Godoy Cruz Antonio Tomba,Argentina,skillcorner
541170,Ismael Lucas Ariel Arce,Club Deportivo Godoy Cruz Antonio Tomba,Argentina,skillcorner
542832,Pedro Souto,CS Independiente Rivadavia,Argentina,skillcorner
544201,Jerónimo Dómina,Club Atlético Unión,Argentina,skillcorner
544208,Damián Puebla,Instituto AC Córdoba,Argentina,skillcorner
559211,Felipe Ignacio Loyola Olea,CA Independiente,Argentina,skillcorner
585379,Gonzalo Daniel Mottes,CA Aldosivi,Argentina,skillcorner
586989,Paul Vicente Riveros Allende,CA Banfield,Argentina,skillcorner
665351,Benjamín Facundo Schamine,Club Social y Deportivo Defensa y Justicia,Argentina,skillcorner
676656,Luciano Geronimo  Rivera Flores,CA Banfield,Argentina,skillcorner
708019,Javier Ezequiel Ruiz,CA Barracas Central,Argentina,skillcorner
708020,Elías de Jesús Báez,Club Atlético San Lorenzo de Almagro,Argentina,skillcorner
728068,Mariano Emir Troilo,CA Belgrano de Córdoba,Argentina,skillcorner
736412,Lionel Verde,Club Atlético Unión,Argentina,skillcorner
774110,Giovanni Chiaverano Meroi,Club Atlético Newell's Old Boys,Argentina,skillcorner
795093,Gerónimo Heredia Velazquez,CA Belgrano de Córdoba,Argentina,skillcorner
801097,Franco Ezequiel Rami,CA Aldosivi,Argentina,skillcorner
809384,Matías Mijail Perelló,Club Atlético Central Córdoba,Argentina,skillcorner
809462,Marco Osvaldo Iacobellis Nahara,CA San Martín de San Juan,Argentina,skillcorner
809483,Jonatan Esteban Goitía,CD Riestra,Argentina,skillcorner
809485,Nicolás Ezequiel Caro Torres,CD Riestra,Argentina,skillcorner
810451,Juan Martín Iribarren,CA Banfield,Argentina,skillcorner
812900,Román Agustín Gómez,Estudiantes de La Plata,Argentina,skillcorner
816828,Daniel Ezequiel Herrera,Club Atlético San Lorenzo de Almagro,Argentina,skillcorner
828178,Gonzalo Agustín Trindade,Club Atlético Central Córdoba,Argentina,skillcorner
835349,Joel Godoy,CA Sarmiento,Argentina,skillcorner
837433,Fabricio Alejandro Corbalán,Gimnasia y Esgrima La Plata,Argentina,skillcorner
837494,Jonathan Rodrigo Adrián De Irastorza,CA Independiente,Argentina,skillcorner
837713,Mateo Silvetti,Club Atlético Newell's Old Boys,Argentina,skillcorner
843077,Franco Adrián Toloza,CA San Martín de San Juan,Argentina,skillcorner
843215,Tomas Daniel Rossi,Club Deportivo Godoy Cruz Antonio Tomba,Argentina,skillcorner
843644,Franco Nicolás Pelaitay,CA San Martín de San Juan,Argentina,skillcorner
843645,Lorenzo Alejandro Molina,CA San Martín de San Juan,Argentina,skillcorner
843646,Sebastián Emmanuel González Valdéz,CA San Martín de San Juan,Argentina,skillcorner
843647,Leonel Dante Álvarez,CA San Martín de San Juan,Argentina,skillcorner
843648,Rodrigo Cáseres,CA San Martín de San Juan,Argentina,skillcorner
843692,Rodrigo Augustin Colazo,Club Atlético Unión,Argentina,skillcorner
920248,Santino Andino Valencia,Club Deportivo Godoy Cruz Antonio Tomba,Argentina,skillcorner
928362,Juan Segundo Morán,Club Deportivo Godoy Cruz Antonio Tomba,Argentina,skillcorner
971401,Facundo Di Biasi,Gimnasia y Esgrima La Plata,Argentina,skillcorner
224,Aderlan de Lima Silva,SC do Recife,Brasil – Série A,skillcorner
2667,Deyverson Brum Silva Acosta,Fortaleza EC,Brasil – Série A,skillcorner
3106,Enner Remberto Valencia Lastra,SC Internacional,Brasil – Série A,skillcorner
4118,Guilherme Costa Marques,Mirassol Futebol Clube,Brasil – Série A,skillcorner
4901,Jemerson de Jesus Nascimento,Grêmio FB Porto Alegrense,Brasil – Série A,skillcorner
8568,Pedro Henrique Konzen Medina da Silva,Ceará Sporting Club,Brasil – Série A,skillcorner
9563,Santiago Arias Naranjo,Esporte Clube Bahia,Brasil – Série A,skillcorner
9759,Sérgio Miguel Relvas de Oliveira,SC do Recife,Brasil – Série A,skillcorner
13079,Renzo Saravia,Clube Atlético Mineiro,Brasil – Série A,skillcorner
13863,Lucas Pacheco Affini,Fortaleza EC,Brasil – Série A,skillcorner
15719,Agustín Maximiliano Rogel Paita,SC Internacional,Brasil – Série A,skillcorner
15829,Wilker José Ángel Romero,Juventude RS,Brasil – Série A,skillcorner
16005,Ricardo Ryller Ribeiro Lino Silva,EC Vitória,Brasil – Série A,skillcorner
16126,Kaio Fernando da Silva Pantaleão,Botafogo de Futebol e Regatas,Brasil – Série A,skillcorner
16209,Bruno Vinícius Souza Ramos,SC Internacional,Brasil – Série A,skillcorner
18230,Ángel Rodrigo Romero Villamayor,Sport Club Corinthians Paulista,Brasil – Série A,skillcorner
22159,Emerson Aparecido Leite de Souza Júnior,CR Flamengo,Brasil – Série A,skillcorner
23228,Juan Martín Lucero,Fortaleza EC,Brasil – Série A,skillcorner
24857,Lucas Rafael Araújo Lima,SC do Recife,Brasil – Série A,skillcorner
25169,Matheus Rossetto,Fortaleza EC,Brasil – Série A,skillcorner
25185,Talles Magno Bacelar Martins,Sport Club Corinthians Paulista,Brasil – Série A,skillcorner
25947,Gabriel Rafael Fuentes Gómez,Fluminense FC,Brasil – Série A,skillcorner
26318,Franco Sebastián Cristaldo,Grêmio FB Porto Alegrense,Brasil – Série A,skillcorner
26491,Aníbal Ismael Moreno,Sociedade Esportiva Palmeiras,Brasil – Série A,skillcorner
26517,Óscar David Romero Villamayor,SC Internacional,Brasil – Série A,skillcorner
27319,Rafael António Figueiredo Ramos,Ceará Sporting Club,Brasil – Série A,skillcorner
27326,Lucas de Souza Cunha,SC do Recife,Brasil – Série A,skillcorner
27330,Pedro Augusto Borges da Costa,SC do Recife,Brasil – Série A,skillcorner
27741,Manoel Messias Silva Carvalho,Fluminense FC,Brasil – Série A,skillcorner
28242,Gregore de Magalhães da Silva,Botafogo de Futebol e Regatas,Brasil – Série A,skillcorner
28315,Aldemir dos Santos Ferreira,São Paulo FC,Brasil – Série A,skillcorner
28333,Diogo Barbosa Mendanha,Fortaleza EC,Brasil – Série A,skillcorner
28337,Raphael Cavalcante Veiga,Sociedade Esportiva Palmeiras,Brasil – Série A,skillcorner
28338,Gabriel Veron Fonseca de Souza,Juventude RS,Brasil – Série A,skillcorner
28343,Pablo Felipe Teixeira,SC do Recife,Brasil – Série A,skillcorner
28518,Fausto Mariano Vera,Clube Atlético Mineiro,Brasil – Série A,skillcorner
28698,Adam Fernando Bareiro Gamarra,Fortaleza EC,Brasil – Série A,skillcorner
31490,Guilherme de Jesus da Silva,Fortaleza EC,Brasil – Série A,skillcorner
31524,Igor Marques Paciencia Cardoso,Juventude RS,Brasil – Série A,skillcorner
31642,Michael Richard Delgado de Oliveira,CR Flamengo,Brasil – Série A,skillcorner
31643,Marcelo Hermes,Juventude RS,Brasil – Série A,skillcorner
31651,Alan Luciano Ruschel,Juventude RS,Brasil – Série A,skillcorner
31683,José Marcos Alves Luis,EC Vitória,Brasil – Série A,skillcorner
31745,Leonardo Augusto dos Santos Pereira,SC do Recife,Brasil – Série A,skillcorner
31758,Giovanny Bariani Marques,Juventude RS,Brasil – Série A,skillcorner
31778,Lucas Esteves Souza,Grêmio FB Porto Alegrense,Brasil – Série A,skillcorner
31811,Aylon Darwin Tavella,Ceará Sporting Club,Brasil – Série A,skillcorner
32811,José Ivaldo Almeida Silva,Santos Futebol Clube,Brasil – Série A,skillcorner
32818,Lucas Braga Ribeiro,EC Vitória,Brasil – Série A,skillcorner
32825,Nicolas Vichiatto da Silva,Ceará Sporting Club,Brasil – Série A,skillcorner
32838,Marcos da Silva França,Fluminense FC,Brasil – Série A,skillcorner
32845,Lucas Andrés Mugni,Ceará Sporting Club,Brasil – Série A,skillcorner
32850,Luciano Batista da Silva Junior,Esporte Clube Bahia,Brasil – Série A,skillcorner
32875,Gabriel Santana Pinto,Mirassol Futebol Clube,Brasil – Série A,skillcorner
32979,Richard Ríos Montoya,Sociedade Esportiva Palmeiras,Brasil – Série A,skillcorner
32997,Igor Jesus Maciel Da Cruz,Botafogo de Futebol e Regatas,Brasil – Série A,skillcorner
33659,Lucas Kal Schenfeld Prigioli,SC do Recife,Brasil – Série A,skillcorner
34294,Facundo Daniel Torres Pérez,Sociedade Esportiva Palmeiras,Brasil – Série A,skillcorner
34429,Benjamín Kuščević Jaramillo,Fortaleza EC,Brasil – Série A,skillcorner
34833,Christian Hernando Rivera Cuéllar,SC do Recife,Brasil – Série A,skillcorner
34869,Derik Gean Severino Lacerda,SC do Recife,Brasil – Série A,skillcorner
35687,Daniel Eduardo Giraldo Cárdenas,Juventude RS,Brasil – Série A,skillcorner
35712,Emerson Manuel Batalla Martínez,Juventude RS,Brasil – Série A,skillcorner
35858,Guilherme Lopes de Almeida,Red Bull Bragantino,Brasil – Série A,skillcorner
36125,Francisco da Costa Aragão,Mirassol Futebol Clube,Brasil – Série A,skillcorner
36469,José Andrés Martínez Torres,Sport Club Corinthians Paulista,Brasil – Série A,skillcorner
36635,Gastón Luciano Ávila,Fortaleza EC,Brasil – Série A,skillcorner
38842,Guzmán Rodríguez Ferrari,Red Bull Bragantino,Brasil – Série A,skillcorner
45911,Eros Nazareno Mancuso,Fortaleza EC,Brasil – Série A,skillcorner
46856,Luis Gustavo Da Silva Machado Duarte,Juventude RS,Brasil – Série A,skillcorner
53115,Micael Dos Santos Silva,Sociedade Esportiva Palmeiras,Brasil – Série A,skillcorner
53519,Vinícius Nelson de Souza Zanocelo,Ceará Sporting Club,Brasil – Série A,skillcorner
72919,Guilherme Augusto Vieira dos Santos,Santos Futebol Clube,Brasil – Série A,skillcorner
82406,Wesley Vinícius França Lima,CR Flamengo,Brasil – Série A,skillcorner
84615,Pierre Wagner Oliveira dos Santos,Fortaleza EC,Brasil – Série A,skillcorner
141703,Richardson Fernandes dos Santos,Ceará Sporting Club,Brasil – Série A,skillcorner
142082,Ramon Menezes Roma,SC do Recife,Brasil – Série A,skillcorner
145075,Jackson Diego Ibraim Fagundes,Ceará Sporting Club,Brasil – Série A,skillcorner
145076,Hugo Ferreira de Farias,Sport Club Corinthians Paulista,Brasil – Série A,skillcorner
161479,Marcos Paulo Lima Batista Silva,Juventude RS,Brasil – Série A,skillcorner
165454,David Ricardo Loiola da Silva,Botafogo de Futebol e Regatas,Brasil – Série A,skillcorner
166327,Jefferson Ruan Pereira dos Santos,Botafogo de Futebol e Regatas,Brasil – Série A,skillcorner
170909,Rodrigo Huendra Almeida Mendonça,São Paulo FC,Brasil – Série A,skillcorner
172964,Daniel de Oliveira Sertanejo,Mirassol Futebol Clube,Brasil – Série A,skillcorner
175767,Reginaldo Lopes de Jesus,Juventude RS,Brasil – Série A,skillcorner
177116,Jair Paula da Cunha Filho,Botafogo de Futebol e Regatas,Brasil – Série A,skillcorner
177407,Chrystian Amaral Barletta de Almeida,SC do Recife,Brasil – Série A,skillcorner
179738,Lucas Xavier Gazal,Fortaleza EC,Brasil – Série A,skillcorner
181671,Diogo Hereda da Silva,SC do Recife,Brasil – Série A,skillcorner
183987,Adriano Martins da Fonseca,Juventude RS,Brasil – Série A,skillcorner
439421,Rayan Vitor Simplício Rocha,CR Vasco da Gama,Brasil – Série A,skillcorner
439489,Ryan Gustavo de Lima,Sport Club Corinthians Paulista,Brasil – Série A,skillcorner
531342,Pablo Ezequiel Vegetti Pfaffen,CR Vasco da Gama,Brasil – Série A,skillcorner
620543,Deivid Washington de Souza Eugênio,Santos Futebol Clube,Brasil – Série A,skillcorner
631808,Erick Da Costa Farias,Esporte Clube Bahia,Brasil – Série A,skillcorner
632549,Abner Salles da Silva,Juventude RS,Brasil – Série A,skillcorner
632559,Luiz Henrique Soares Firmino,Mirassol Futebol Clube,Brasil – Série A,skillcorner
632562,Rodrigo Eduardo da Silva,Juventude RS,Brasil – Série A,skillcorner
735695,Clayton Sampaio Pereira,SC Internacional,Brasil – Série A,skillcorner
799289,Estevão William Almeida de Oliveira Gonçalves,Sociedade Esportiva Palmeiras,Brasil – Série A,skillcorner
815983,Ricardo Mathias da Silva,SC Internacional,Brasil – Série A,skillcorner
832939,Alysson Edward Franco da Rocha,Grêmio FB Porto Alegrense,Brasil – Série A,skillcorner
833936,Igor Eduardo Schlemper,Grêmio FB Porto Alegrense,Brasil – Série A,skillcorner
835814,Tiago Souza de Jesus Carvalho,Esporte Clube Bahia,Brasil – Série A,skillcorner
970626,Lucas dos Santos Ferreira,São Paulo FC,Brasil – Série A,skillcorner
985116,Matheus Alves Nascimento,São Paulo FC,Brasil – Série A,skillcorner
997330,Maykon Kesley de Jesus Ramalho,EC Vitória,Brasil – Série A,skillcorner
11823,Éder Fabián Álvarez Balanta,América de Cali,Colombia,skillcorner
15760,Andrés Fabián Ponce Núñez,CA Bucaramanga,Colombia,skillcorner
17945,Román Rubilio Castillo Álvarez,Deportivo Pereira,Colombia,skillcorner
23437,Yerson Candelo Miranda,América de Cali,Colombia,skillcorner
25953,Mender García Torres,Independiente Medellin,Colombia,skillcorner
26536,Rafael Enrique Pérez Almeida,AD Unión Magdalena,Colombia,skillcorner
27118,Hárold Santiago  Mosquera Caicedo,Independiente Santa Fe,Colombia,skillcorner
28379,Rodrigo Julián Holgado,América de Cali,Colombia,skillcorner
29553,Renan Abner do Carmo de Oliveira,CD La Equidad,Colombia,skillcorner
31141,Ángelo José Rodríguez Henry,Independiente Santa Fe,Colombia,skillcorner
34356,Camilo Damián Cándido Aquino,Club Atlético Nacional,Colombia,skillcorner
34427,Marino Hinestroza Angulo,Club Atlético Nacional,Colombia,skillcorner
34827,Fabián Andrés Castillo Sánchez,Deportivo Cali,Colombia,skillcorner
35668,Luis Alejandro Paz Mulato,América de Cali,Colombia,skillcorner
35671,Duván Andrés Vergara Hernández,América de Cali,Colombia,skillcorner
35706,Jesús David Murillo León,AD Unión Magdalena,Colombia,skillcorner
35708,Michael Jhon Ander Rangel Valencia,Club Llaneros SA,Colombia,skillcorner
35717,Luis Daniel González Cova,Club Deportivo Junior FC,Colombia,skillcorner
35725,Estéfano Arango González,Boyacá Chicó,Colombia,skillcorner
35727,Vladimir Javier Hernández Rivero,Boyacá Chicó,Colombia,skillcorner
35729,Jarlan Junior Barrera Escalona,Deportivo Cali,Colombia,skillcorner
35729,Jarlan Junior Barrera Escalona,Independiente Medellin,Colombia,skillcorner
35733,Felipe Jaramillo Velásquez,AD Pasto,Colombia,skillcorner
35784,Yeison Stiven Gordillo Vargas,Deportivo Cali,Colombia,skillcorner
35794,Alejandro García Castillo,Once Caldas,Colombia,skillcorner
35809,Jonathan Herrera Baquero,Boyacá Chicó,Colombia,skillcorner
35826,Delvin José Alfonzo Briceño,Millonarios FC,Colombia,skillcorner
35826,Delvin José Alfonzo Briceño,Rionegro Aguilas,Colombia,skillcorner
35838,José David Enamorado Gómez,Club Deportivo Junior FC,Colombia,skillcorner
36230,Ayron Del Valle Rodríguez,CD Alianza Petrolera,Colombia,skillcorner
37047,Yhorman David Hurtado Torres,Deportes Tolima,Colombia,skillcorner
37054,Jhair Andrés Castillo León,CD Alianza Petrolera,Colombia,skillcorner
37076,Juan Pablo Vargas Campos,Millonarios FC,Colombia,skillcorner
37079,Elvis Yohan Perlaza Lara,Independiente Santa Fe,Colombia,skillcorner
38154,Daniel Eduardo Bocanegra Ortíz,América de Cali,Colombia,skillcorner
38236,Billy Vladimir Arce Mina,Club Atlético Nacional,Colombia,skillcorner
38238,Luis Alberto Caicedo Medina,AD Pasto,Colombia,skillcorner
38272,Javier Arley Reina Calvo,Deportivo Cali,Colombia,skillcorner
38276,Guillermo Alejandro Tegüé Caicedo,CD La Equidad,Colombia,skillcorner
38452,Guzmán Corujo Bríccola,Deportivo Cali,Colombia,skillcorner
38589,Jhord Bayron Garcés Moreno,Envigado FC,Colombia,skillcorner
38658,Víctor Hugo Dorrego Coito,Once Caldas,Colombia,skillcorner
38902,Héctor Antonio Urrego Hurtado,AD Unión Magdalena,Colombia,skillcorner
38968,Juan Miguel Ojeda Gauto,Boyacá Chicó,Colombia,skillcorner
39258,Juan Carlos Pereira Díaz,Millonarios FC,Colombia,skillcorner
42875,Carlos Eduardo Torres Góngora,Envigado FC,Colombia,skillcorner
43427,Óscar David Barreto Pérez,AD Unión Magdalena,Colombia,skillcorner
43464,Gustavo Adrián Ramírez Rojas,Deportes Tolima,Colombia,skillcorner
43547,David Andrés Camacho Valencia,Fortaleza CEIF FC,Colombia,skillcorner
43602,Luis Felipe Pérez Valencia,CD Alianza Petrolera,Colombia,skillcorner
43693,Bleiner David Agrón Mosquera,CD La Equidad,Colombia,skillcorner
43693,Bleiner David Agrón Mosquera,Envigado FC,Colombia,skillcorner
43722,Enzo Joaquin Sosa Romañuk,Independiente Santa Fe,Colombia,skillcorner
43798,Dairon Mosquera Chaverra,AD Unión Magdalena,Colombia,skillcorner
43800,Auli Alexander Oliveros Estrada,Rionegro Aguilas,Colombia,skillcorner
43829,Neyder Stiven Moreno Betancur,CA Bucaramanga,Colombia,skillcorner
43976,Adrián Estacio Peña,Deportivo Pereira,Colombia,skillcorner
43985,José Abad Cuenú Rodríguez,Club Deportivo Junior FC,Colombia,skillcorner
43996,Leonardo Enrique Saldaña Carvajal,CD Alianza Petrolera,Colombia,skillcorner
44406,Nicolás Fernando Morínigo Torres,AD Pasto,Colombia,skillcorner
58462,Johan Steven Bocanegra Mora,Boyacá Chicó,Colombia,skillcorner
59296,Jovanny David Bolívar Alvarado,CD La Equidad,Colombia,skillcorner
59692,Erik Maximiliano Bodencer,Club Llaneros SA,Colombia,skillcorner
63245,Oscar Luis Vanegas Zúñiga,AD Unión Magdalena,Colombia,skillcorner
66368,Dairon Andrés Valencia Mosquera,Envigado FC,Colombia,skillcorner
66371,Jhon Alexander Palacios Santos,Independiente Medellin,Colombia,skillcorner
66392,José David Ampudia Perea,Boyacá Chicó,Colombia,skillcorner
66398,Jhon Fredy Salazar Valencia,Club Deportivo Junior FC,Colombia,skillcorner
66398,Jhon Fredy Salazar Valencia,Rionegro Aguilas,Colombia,skillcorner
66407,Cristian Darío Barrios Puerta,América de Cali,Colombia,skillcorner
66416,Martín Enrique Payares Campo,AD Unión Magdalena,Colombia,skillcorner
66442,Kevin Alexander Palacios Salazar,Millonarios FC,Colombia,skillcorner
66446,Carlos Andrés Ramírez Aguirre,Envigado FC,Colombia,skillcorner
66449,Brayan Léon Muñiz,Independiente Medellin,Colombia,skillcorner
66466,Yeferson Andrés Rodallega Paz,Independiente Medellin,Colombia,skillcorner
66489,Geovan Jarit Montes Melo,Club Llaneros SA,Colombia,skillcorner
66502,José Carlos Muñoz Mejía,CD Alianza Petrolera,Colombia,skillcorner
66522,Jhostín Farney Medranda Minota,Deportivo Pereira,Colombia,skillcorner
66529,Jhon Emerson Córdoba Mosquera,Millonarios FC,Colombia,skillcorner
66586,Edison Alexánder López Gil,Envigado FC,Colombia,skillcorner
68856,Ruyery Alfonso Blanco Yus,AD Unión Magdalena,Colombia,skillcorner
69242,William Camilo Hurtado Ortiz,Envigado FC,Colombia,skillcorner
69589,Santiago Giordana,Millonarios FC,Colombia,skillcorner
69831,José Ramón Masllorens Doria,CD La Equidad,Colombia,skillcorner
70951,Nicolás Ramos Ríos,AD Unión Magdalena,Colombia,skillcorner
70992,Juan Felipe Aguirre Tabares,Club Atlético Nacional,Colombia,skillcorner
73306,Edgard Enrique Camargo Rodríguez,Boyacá Chicó,Colombia,skillcorner
88448,Juan José Vásquez Angola,Club Llaneros SA,Colombia,skillcorner
115041,Kevin Stuar Riascos Segura,Boyacá Chicó,Colombia,skillcorner
115590,Emiliano Rodríguez Rosales,Deportivo Cali,Colombia,skillcorner
117899,Jaison Eli Mina Chará,Club Llaneros SA,Colombia,skillcorner
117904,Kener Julián Valencia Chará,Club Llaneros SA,Colombia,skillcorner
117911,Roberto Carlos Hinojosa Marín,AD Unión Magdalena,Colombia,skillcorner
117911,Roberto Carlos Hinojosa Marín,Club Llaneros SA,Colombia,skillcorner
118028,Cristian Emanuel Sención Rodríguez,AD Unión Magdalena,Colombia,skillcorner
123995,Brayan Stiven Medina Hurtado,América de Cali,Colombia,skillcorner
126669,Jean Carlos Colorado Sánchez,Deportivo Cali,Colombia,skillcorner
126669,Jean Carlos Colorado Sánchez,CD La Equidad,Colombia,skillcorner
129992,Luis Alejandro Ramos Leiva,América de Cali,Colombia,skillcorner
160187,José David Mercado Bojato,AD Unión Magdalena,Colombia,skillcorner
164884,Luis Ángel Díaz Cuesta,Envigado FC,Colombia,skillcorner
165137,Manuel Mónaco,CD La Equidad,Colombia,skillcorner
171340,Daniel Felipe Arcila Rojas,Envigado FC,Colombia,skillcorner
173345,Valentín Andrés Sánchez,AD Unión Magdalena,Colombia,skillcorner
178742,Gianfranco Peña Aponzá,Deportivo Pereira,Colombia,skillcorner
242065,Rubio César España Álvarez,Envigado FC,Colombia,skillcorner
301503,Jhon Jaider Vélez Carey,Club Deportivo Junior FC,Colombia,skillcorner
424928,Mauricio  Gonzalez Carabal,Deportes Tolima,Colombia,skillcorner
525233,Gonzalo Lencina,Deportes Tolima,Colombia,skillcorner
526730,Brayan Stiven Carabali Bonilla,AD Pasto,Colombia,skillcorner
531855,Joseph Nicolás Árevalo Chaparro,Millonarios FC,Colombia,skillcorner
569394,Freddy Espinal Espinal Valverde,AD Pasto,Colombia,skillcorner
569394,Freddy Espinal Espinal Valverde,Club Llaneros SA,Colombia,skillcorner
570603,Kevin Santiago Cortés Díaz,Boyacá Chicó,Colombia,skillcorner
591643,Juan David Arizala Micolta,Independiente Medellin,Colombia,skillcorner
607105,Yael Andrés López Fuentes,Boyacá Chicó,Colombia,skillcorner
659480,Jordan Andres Barrera Herrera,Club Deportivo Junior FC,Colombia,skillcorner
705126,Kevin Stiven Viveros Rodallega,Club Atlético Nacional,Colombia,skillcorner
706607,Freddy Enrique Molina Salcedo,AD Unión Magdalena,Colombia,skillcorner
707641,Yeferson Moreno Mosquera,Club Deportivo Junior FC,Colombia,skillcorner
707645,Felipe Acosta Bayer,CD La Equidad,Colombia,skillcorner
707646,Santiago Lopez de Mesa Pareja,CD La Equidad,Colombia,skillcorner
731057,Jorge Duván Mosquera Campaña,Club Llaneros SA,Colombia,skillcorner
732817,John Wilmar Arango Monsalve,Boyacá Chicó,Colombia,skillcorner
750212,John Wenceslao Melendez Murillo,Independiente Santa Fe,Colombia,skillcorner
773289,Bayron David Duarte Duarte,CA Bucaramanga,Colombia,skillcorner
796858,Tomas David Molina Guzman,Independiente Santa Fe,Colombia,skillcorner
797078,Emilio Aristizabal Chavarriaga,Fortaleza CEIF FC,Colombia,skillcorner
809181,Anderson Mojica Palacios,Club Llaneros SA,Colombia,skillcorner
809197,Didier Steven Palacios Algumedo,Envigado FC,Colombia,skillcorner
809300,Sebastián Navarro Otalora,América de Cali,Colombia,skillcorner
809894,Andrés Alarcón Mendoza,AD Pasto,Colombia,skillcorner
811185,Samy Jr. Merheg Enciso,Deportivo Pereira,Colombia,skillcorner
849145,Santiago Londoño González,Envigado FC,Colombia,skillcorner
953610,Juan Holguín,Envigado FC,Colombia,skillcorner
962021,Neymar Uribe,Envigado FC,Colombia,skillcorner
969271,Royer Alejandro Caicedo Gonzalez,Club Atlético Nacional,Colombia,skillcorner
983934,Daniel Alejandro Mera Choco,AD Unión Magdalena,Colombia,skillcorner
983938,Darwin Yesid  Palomeque Palacios,AD Unión Magdalena,Colombia,skillcorner
998323,Tomás Soto,Envigado FC,Colombia,skillcorner
998676,Cristian Camilo Valencia Cifuentes,Club Llaneros SA,Colombia,skillcorner
998683,Andrés Domingo López Pérez,Club Llaneros SA,Colombia,skillcorner
998691,Oscar Orlando Vega Herrera,Club Llaneros SA,Colombia,skillcorner
998988,Eric Emiliano Larrama Camblong,AD Unión Magdalena,Colombia,skillcorner
999616,Elian Osvaldo Peralta Villamayor,Boyacá Chicó,Colombia,skillcorner
999678,Didier Dawson,Envigado FC,Colombia,skillcorner
1001834,Neiser Villarreal,Millonarios FC,Colombia,skillcorner
1002380,Emanuel Londoño Sanchez,Envigado FC,Colombia,skillcorner
1005875,Juan Manuel Quejada Mena,Envigado FC,Colombia,skillcorner
1018184,Yoshan Stiven Valois Murillo,AD Pasto,Colombia,skillcorner
1018293,Juan David Valencia Longa,CD La Equidad,Colombia,skillcorner
1018339,Frank Matias Salas Loboa,Boyacá Chicó,Colombia,skillcorner
1022305,Samuel Martín Díaz,Millonarios FC,Colombia,skillcorner
3109,Enric Saborit Teixidor,Club Deportes Iquique,Chile,skillcorner
7198,Matías Ezequiel Suárez,Club de Deportes Unión Española,Chile,skillcorner
7292,Mauricio Aníbal Isla Isla,CSD Colo Colo,Chile,skillcorner
23594,Nicolás Agustín Ferreyra,CD La Serena,Chile,skillcorner
23599,Ariel Elías Martínez Arce,Club Deportivo Palestino,Chile,skillcorner
23625,Alejandro Samuel Márquez Pérez,Club de Deportes Cobresal,Chile,skillcorner
23627,Cristian Manuel Insaurralde,CD Unión La Calera,Chile,skillcorner
23648,Luis Ignacio Casanova Sandoval,Club Deportes Iquique,Chile,skillcorner
23682,Leandro Iván Benegas,CD Unión La Calera,Chile,skillcorner
25441,Leandro Miguel Fernández,Corporación de Fútbol de la Universidad de Chile,Chile,skillcorner
25964,Juan Ignacio Ramírez Polero,Everton de Viña del Mar,Chile,skillcorner
26582,Junior Gabriel Arias Cácerers,Club Deportivo Palestino,Chile,skillcorner
28365,Eduard Alexander Bello Gil,CD Universidad Católica,Chile,skillcorner
28370,Nicolás Ignacio Peñailillo Acuña,Club Deportes Limache,Chile,skillcorner
28382,Carlos Alfredo Labrín Candia,Nublense,Chile,skillcorner
28388,Marcelo Pablo Jorquera Silva,Club Deportes Iquique,Chile,skillcorner
28398,Marcos Nikolás Bolados Hidalgo,CSD Colo Colo,Chile,skillcorner
28442,Matías Javier Blázquez Lavín,Club Deportes Iquique,Chile,skillcorner
28443,Hans Francisco Salinas Flores,Club Deportes Iquique,Chile,skillcorner
28470,Juan Pablo Gómez Vidal,Club Deportes Iquique,Chile,skillcorner
28485,Edson Raúl Puch Cortés,Club Deportes Iquique,Chile,skillcorner
28495,Nicolás Bastián Guerra Ruz,Corporación de Fútbol de la Universidad de Chile,Chile,skillcorner
28504,Rodrigo Nicolás Contreras,Corporación de Fútbol de la Universidad de Chile,Chile,skillcorner
28718,Gonzalo Pablo Castellani,Club de Deportes Unión Española,Chile,skillcorner
28722,Gastón Ignacio Gil Romero,Audax Club Sportivo Italiano,Chile,skillcorner
28746,Matías Hernán Moya,Club Deportes Iquique,Chile,skillcorner
29253,Simón Alonso Ramírez Cuevas,Club de Deportes Unión Española,Chile,skillcorner
33295,Salvador Sánchez,Club Deportes Iquique,Chile,skillcorner
33501,Joaquín Fernández Pertusso,CD La Serena,Chile,skillcorner
34293,Fabricio Orosmán Formiliano Duarte,Club de Deportes Unión Española,Chile,skillcorner
34304,Agustín Álvarez Wallace,CD Unión La Calera,Chile,skillcorner
34307,Gonzalo Andres Jara Gonzalez,CD La Serena,Chile,skillcorner
35568,Lucas Gabriel Di Yorio,Corporación de Fútbol de la Universidad de Chile,Chile,skillcorner
35584,Emiliano Javier Amor,CSD Colo Colo,Chile,skillcorner
35692,Enrique Carlos Serje Orozco,Everton de Viña del Mar,Chile,skillcorner
36166,Nicolás Andrés Díaz Huincales,Club de Deportes Unión Española,Chile,skillcorner
36179,Sebastián Ignacio Vegas Orellana,CSD Colo Colo,Chile,skillcorner
36243,Esteban Andrés Pavez Suazo,CSD Colo Colo,Chile,skillcorner
36318,Sebastián Sosa Sánchez,Everton de Viña del Mar,Chile,skillcorner
36690,Germán Leonel Guiffrey,Audax Club Sportivo Italiano,Chile,skillcorner
38362,Brayan Alfonso Véjar Utreras,Club de Deportes Unión Española,Chile,skillcorner
38431,Patricio Rodolfo Rubio Pulgar,Nublense,Chile,skillcorner
38485,Vicente Tomás Pizarro Durcudoy,CSD Colo Colo,Chile,skillcorner
38732,Pablo Mauricio Aránguiz Salazar,Club de Deportes Unión Española,Chile,skillcorner
38802,Lautaro Agustín Palacios,Audax Club Sportivo Italiano,Chile,skillcorner
38847,Pedro Iván Sánchez Torrealba,Nublense,Chile,skillcorner
38995,Nicolás Iván Orellana Acuña,Audax Club Sportivo Italiano,Chile,skillcorner
39023,Cristóbal Felipe Muñoz Vásquez,Audax Club Sportivo Italiano,Chile,skillcorner
43237,Rodrigo Andrés Piñeiro Silva,Everton de Viña del Mar,Chile,skillcorner
43512,Junior Osvaldo Marabel Jara,Club Deportivo Palestino,Chile,skillcorner
43652,Diego Felipe Andrés Orellana Medina,Club Deportes Iquique,Chile,skillcorner
43701,Luis Alejandro Guerra Romero,Club Deportes Limache,Chile,skillcorner
43735,Ederson Salomón Rodríguez Lima,CSD Colo Colo,Chile,skillcorner
44446,Diego Manuel Hernández González,Everton de Viña del Mar,Chile,skillcorner
54633,Sebastián Ernesto Pereira Arredondo,Club de Deportes Unión Española,Chile,skillcorner
58904,Agustín Adrián Venezia,Club Deportes Iquique,Chile,skillcorner
59044,Matías Gonzalo Lugo,Club Deportivo O'Higgins,Chile,skillcorner
59046,Lautaro Nahuel Ovando,CD La Serena,Chile,skillcorner
63169,Jader Barbosa da Silva Gentil,CD Universidad Católica,Chile,skillcorner
69763,Alex Matías Ibacache Mora,Everton de Viña del Mar,Chile,skillcorner
69866,Brayan Andrés Garrido Martínez,Club Deportivo Huachipato,Chile,skillcorner
69870,Gabriel Adonis Norambuena Moraga,Club de Deportes Unión Española,Chile,skillcorner
69871,Felipe Luciano Fritz Saldías,Club Deportes Limache,Chile,skillcorner
71337,Lucas Antonio Cepeda Barturen,CSD Colo Colo,Chile,skillcorner
72356,Marcos Ezequiel Gómez Paredes,Club Deportes Iquique,Chile,skillcorner
115097,Felipe Ariel Yáñez Parra,CD Unión La Calera,Chile,skillcorner
115100,Álvaro Sebastián Ramos Sepúlveda,Club Deportes Iquique,Chile,skillcorner
118882,Gonzalo Ezequiel Paz,Club Deportes Limache,Chile,skillcorner
118894,Bruno Leonel Cabrera,CD Coquimbo Unido,Chile,skillcorner
153776,Nahuel Brunet,CD Unión La Calera,Chile,skillcorner
296390,Kevin Contreras Araya,Club de Deportes Unión Española,Chile,skillcorner
439626,Jhonatan Kauan Eleoterio Diogo,CD La Serena,Chile,skillcorner
522457,Diego Ignacio García Medina,Everton de Viña del Mar,Chile,skillcorner
522469,Felipe Espinoza Ramírez,Club de Deportes Unión Española,Chile,skillcorner
522479,Yorman Zapata Mina,Club Deportes Limache,Chile,skillcorner
577461,Alessandro Riep Klekoc,Audax Club Sportivo Italiano,Chile,skillcorner
636864,Alan Gabriel Saldivia Vázquez,CSD Colo Colo,Chile,skillcorner
675899,Gonzalo Erik De Los Santos Olivera,CD Unión La Calera,Chile,skillcorner
811512,César Alejandro González Ramírez,Club Deportes Iquique,Chile,skillcorner
812750,Bruno Jauregui Sáez,Club de Deportes Unión Española,Chile,skillcorner
838291,Dilan Matías Rojas Barrientos,Club Deportes Iquique,Chile,skillcorner
843011,Abel Francisco Romero,Club Deportes Limache,Chile,skillcorner
843240,Tiago Martín Ferreyra,Club Deportes Iquique,Chile,skillcorner
906446,Matías Andrés Zepeda Flores,CD Coquimbo Unido,Chile,skillcorner
978525,Juan Enrique Méndez Gonzalez,CD Unión La Calera,Chile,skillcorner
1002150,Bastián Patricio Alejandro Silva Acevedo,Club Deportes Limache,Chile,skillcorner
1008824,Yair Franco Ratotti,Club de Deportes Unión Española,Chile,skillcorner
535,Alexander Hack,New York Red Bulls,MLS,skillcorner
590,Alfredo Morales,St. Louis City Soccer Club,MLS,skillcorner
1774,Chidozie Collins Awaziem,Colorado Rapids,MLS,skillcorner
1818,Christian Benteke Liolo,DC United,MLS,skillcorner
3333,Federico Bernardeschi,Toronto FC,MLS,skillcorner
3778,Gastón Brugman Duarte,Nashville,MLS,skillcorner
5326,Jordi Alba Ramos,Club Internacional de Fútbol Miami,MLS,skillcorner
6286,Lorenzo Insigne,Toronto FC,MLS,skillcorner
6439,Luis Fernando Muriel Fruto,Orlando City,MLS,skillcorner
7128,Mateusz Klich,Atlanta United FC,MLS,skillcorner
7338,Maxime Dominguez,Toronto FC,MLS,skillcorner
7913,Nemanja Radoja,Sporting Kansas City,MLS,skillcorner
8206,Olivier Giroud,Los Angeles FC,MLS,skillcorner
8417,Paddy McNair,San Diego FC,MLS,skillcorner
9749,Sergio Busquets Burgos,Club Internacional de Fútbol Miami,MLS,skillcorner
11063,Yuya Kubo,Football Club Cincinnati,MLS,skillcorner
11223,Marlon Santos da Silva Barbosa,Los Angeles FC,MLS,skillcorner
11422,Ryan Kent,Seattle Sounders,MLS,skillcorner
11532,Diogo António Cupido Gonçalves,Real Salt Lake,MLS,skillcorner
11536,Jannes Horn,St. Louis City Soccer Club,MLS,skillcorner
11601,Kevin Long,Toronto FC,MLS,skillcorner
12028,Sigurd Rosted,Toronto FC,MLS,skillcorner
12981,Ignatius Kpene Ganago,New England Revolution,MLS,skillcorner
13097,Amine Bassi,Houston Dynamo,MLS,skillcorner
13358,Rominigue Kouamé N''Guessan,Chicago Fire,MLS,skillcorner
13405,Kévin Cabral,Colorado Rapids,MLS,skillcorner
13742,Raoul Petretta,Toronto FC,MLS,skillcorner
13936,Joaquín Fernández Moreno,Sporting Kansas City,MLS,skillcorner
14664,Logan Ndenbe,Sporting Kansas City,MLS,skillcorner
16268,Andreas Maxsø,Colorado Rapids,MLS,skillcorner
16365,Bjørn Inge Utvik,Vancouver Whitecaps FC,MLS,skillcorner
16441,Mikael Uhre,Philadelphia Union,MLS,skillcorner
16583,Dario Župarić,Portland Timbers,MLS,skillcorner
16834,Osman Bukari,Austin,MLS,skillcorner
17452,Derrick  Williams,Atlanta United FC,MLS,skillcorner
17480,Giacomo Vrioni,Montréal,MLS,skillcorner
17903,Mark-Anthony Kaye,San Jose Earthquakes,MLS,skillcorner
17914,Randall Enrique Leal Arley,DC United,MLS,skillcorner
18845,Tom Pearce,Montréal,MLS,skillcorner
19084,Javairo Dilrosun,Los Angeles FC,MLS,skillcorner
19143,Tim Leibold,Sporting Kansas City,MLS,skillcorner
20016,Sebastian Kowalczyk,Houston Dynamo,MLS,skillcorner
20040,Bartosz Slisz,Atlanta United FC,MLS,skillcorner
22102,Souleyman Keli Doumbia,Charlotte FC,MLS,skillcorner
22956,Luis Alfonso Abram Ugarelli,Atlanta United FC,MLS,skillcorner
23299,Omar Alejandro González,Chicago Fire,MLS,skillcorner
23847,Darlington Nagbe,Columbus Crew Soccer Club,MLS,skillcorner
24113,Khiry Shelton,Sporting Kansas City,MLS,skillcorner
24263,Nick Lima,San Jose Earthquakes,MLS,skillcorner
24264,Sebastian  Lletget,FC Dallas,MLS,skillcorner
24266,Corey Baird,San Diego FC,MLS,skillcorner
24760,Luciano Federico Acosta,FC Dallas,MLS,skillcorner
25143,João Paulo Mior,Seattle Sounders,MLS,skillcorner
25951,Carlos Terán Díaz,Chicago Fire,MLS,skillcorner
26311,Luca Nicolas Orellano,Football Club Cincinnati,MLS,skillcorner
26558,Matías Nicolás Rojas Romero,Portland Timbers,MLS,skillcorner
27089,George Campbell,Montréal,MLS,skillcorner
27095,Diego Iván Rubio Kostner,Austin,MLS,skillcorner
27100,Kei Ansu Kamara,Football Club Cincinnati,MLS,skillcorner
27130,Daniel Steres,Houston Dynamo,MLS,skillcorner
27150,Maximiliano Nicolás Urruti Mussa,New England Revolution,MLS,skillcorner
27169,Maximiliano Nicolás Moralez,New York City FC,MLS,skillcorner
27189,Julio César Cascante Solórzano,Austin,MLS,skillcorner
27191,Cristhian Fabián Paredes Maciel,Portland Timbers,MLS,skillcorner
27193,Marco Farfán,FC Dallas,MLS,skillcorner
27327,Bruno Ricardo Valdez Wilson,San Jose Earthquakes,MLS,skillcorner
28307,Antônio Josenildo Rodrigues de Oliveira,San Jose Earthquakes,MLS,skillcorner
28648,Pedro De la Vega,Seattle Sounders,MLS,skillcorner
31142,Dominique Badji,DC United,MLS,skillcorner
31168,Danny Leyva,Seattle Sounders,MLS,skillcorner
31789,Brenner Souza da Silva,Football Club Cincinnati,MLS,skillcorner
34118,Birk Risa,New York City FC,MLS,skillcorner
34121,Ola Brynhildsen,Toronto FC,MLS,skillcorner
35429,Adilson Malanda,Charlotte FC,MLS,skillcorner
35675,Pablo Antonio Ortíz Cabezas,Houston Dynamo,MLS,skillcorner
36364,Alán Isidro Montes Castro,Sporting Kansas City,MLS,skillcorner
36458,Rodrigo Adrián Schlegel,Orlando City,MLS,skillcorner
36477,Eryk Williamson,Charlotte FC,MLS,skillcorner
36482,Bill  Tuiloma,Charlotte FC,MLS,skillcorner
36544,Brian Gutiérrez,Chicago Fire,MLS,skillcorner
36549,Franco Nicolás Escobar,Houston Dynamo,MLS,skillcorner
36692,Marcelo Alexis Weigandt,Club Internacional de Fútbol Miami,MLS,skillcorner
38201,Felipe Ignacio Carballo Ares,New York Red Bulls,MLS,skillcorner
39455,Willy Agada,Real Salt Lake,MLS,skillcorner
42552,Ramiro Enrique Paz,Orlando City,MLS,skillcorner
43191,Jonathan Alexander Pérez,Nashville,MLS,skillcorner
43201,Jonathan Bell,Seattle Sounders,MLS,skillcorner
43215,Jáder Rafael Obrian Arias,Austin,MLS,skillcorner
43233,Miguel Berry,LA Galaxy,MLS,skillcorner
43277,Andrew  Brody,Sporting Kansas City,MLS,skillcorner
43751,Pedro Jeampierre Vite Uca,Vancouver Whitecaps FC,MLS,skillcorner
43830,Tomas Ángel Gutiérrez,San Diego FC,MLS,skillcorner
44445,César Nahuel Araújo Vilches,Orlando City,MLS,skillcorner
51550,Deybi Aldair Flores,Toronto FC,MLS,skillcorner
58946,Obed Gómez Vargas,Seattle Sounders,MLS,skillcorner
59045,Federico Redondo Solari,Club Internacional de Fútbol Miami,MLS,skillcorner
60796,Noah Eile,New York Red Bulls,MLS,skillcorner
61336,André Filipe Russo Franco,Chicago Fire,MLS,skillcorner
63280,Fernando Antonio Álvarez Amador,Montréal,MLS,skillcorner
66350,Nelson Daniel Palacio Ruiz,Real Salt Lake,MLS,skillcorner
66806,Adrián Alonso Martínez Batista,New York City FC,MLS,skillcorner
110472,Dagur Dan Thórhallsson,Orlando City,MLS,skillcorner
116527,Julián Fernández,New York City FC,MLS,skillcorner
124336,Jasper Löffelsend,San Diego FC,MLS,skillcorner
153170,Ali Ahmed,Vancouver Whitecaps FC,MLS,skillcorner
156079,Baltasar Luis Gallego Rodríguez,Club Internacional de Fútbol Miami,MLS,skillcorner
160364,Dennis Gjengaar,New York Red Bulls,MLS,skillcorner
162855,Jacen Russell-Rowe,Columbus Crew Soccer Club,MLS,skillcorner
166528,Alex Freeman,Orlando City,MLS,skillcorner
166529,Chris Donovan,Philadelphia Union,MLS,skillcorner
169272,Igor Jesus Lima,Los Angeles FC,MLS,skillcorner
180007,Belal Halbouni,Vancouver Whitecaps FC,MLS,skillcorner
184975,Boris Enow Takang,DC United,MLS,skillcorner
332774,Akil Watts,St. Louis City Soccer Club,MLS,skillcorner
332777,Joshua Yaro,St. Louis City Soccer Club,MLS,skillcorner
332778,Kyle Hiebert,St. Louis City Soccer Club,MLS,skillcorner
332868,Tanitoluwa Oluwaseyi,Minnesota United Football Club,MLS,skillcorner
332982,Benjamin Cremaschi,Club Internacional de Fútbol Miami,MLS,skillcorner
391120,Derek Dodson,DC United,MLS,skillcorner
574567,Nathan-Dylan Saliba,Montréal,MLS,skillcorner
581148,Patrick Agyemang,Charlotte FC,MLS,skillcorner
620927,Emeka Eneli,Real Salt Lake,MLS,skillcorner
628864,Nick Scardina,Charlotte FC,MLS,skillcorner
812190,Obafemi Awodesu,Houston Dynamo,MLS,skillcorner
813478,Garrison Tubbs,DC United,MLS,skillcorner
810551,Francisco Cortés Gracia,Levante UD,LaLiga,skillcorner
827021,Cordón Mancha David,Getafe CF,LaLiga,skillcorner
2083,Francisco José Sánchez Rodríguez,Burgos CF,LaLiga 2,skillcorner
10938,Joaquín Navarro Jiménez,RC Deportivo de La Coruña,LaLiga 2,skillcorner
13424,Alberto Rodríguez Baró,Real Zaragoza,LaLiga 2,skillcorner
23767,José Antonio Rodríguez Díaz,Albacete Balompie,LaLiga 2,skillcorner
24628,José Sánchez Martínez,Albacete Balompie,LaLiga 2,skillcorner
25913,Isaac Carcelén Valencia,Cadiz CF,LaLiga 2,skillcorner
26015,Victor Álvarez Rozada,UD Las Palmas,LaLiga 2,skillcorner
28931,Agustín Medina Delgado,Albacete Balompie,LaLiga 2,skillcorner
30889,Juan Diego Molina Martínez,RC Deportivo de La Coruña,LaLiga 2,skillcorner
30900,Ricardo Rodríguez Gil Carcedo,RC Deportivo de La Coruña,LaLiga 2,skillcorner
30900,Ricardo Rodríguez Gil Carcedo,Albacete Balompie,LaLiga 2,skillcorner
30901,José Raúl Gutiérrez Parejo,Real Zaragoza,LaLiga 2,skillcorner
31991,José Luis Zalazar Martínez,Agrupación Deportiva Ceuta FC,LaLiga 2,skillcorner
34485,Francisco Jesús Crespo García,UD Las Palmas,LaLiga 2,skillcorner
61683,Guilherme Borges Guedes,UD Almería,LaLiga 2,skillcorner
63346,Pedro Alejandro García Mejías,UD Las Palmas,LaLiga 2,skillcorner
63383,Alexander Petxarroman Eizaguirre,FC Andorra,LaLiga 2,skillcorner
69290,Javier Fernández Abruñedo,Cultural y Deportiva Leonesa,LaLiga 2,skillcorner
69310,Luis Miguel Cruz Hernández,RC Deportivo de La Coruña,LaLiga 2,skillcorner
70838,Francisco Sebastián Moyano Jiménez,Real Zaragoza,LaLiga 2,skillcorner
183562,Gonzalo Aguilar López,CD Leganés,LaLiga 2,skillcorner
184356,Malcom Abdulai Ares Djaló,SD Eibar,LaLiga 2,skillcorner
531584,Álvaro Pérez Campo,Cordoba CF,LaLiga 2,skillcorner
531718,Iñigo Sebastián Magaña,Sociedad Deportiva Huesca,LaLiga 2,skillcorner
759034,Iván San José Cantalejo,Real Valladolid,LaLiga 2,skillcorner
860346,Adrián Hernández Hernández,CD Mirandes,LaLiga 2,skillcorner
861974,Carlos Ruiz Rubio,Málaga CF,LaLiga 2,skillcorner
1019368,Sergio Martínez,Racing Santander,LaLiga 2,skillcorner
1019726,Alejandro Gomes  Furtado,Real Zaragoza,LaLiga 2,skillcorner
176523,Abdoulaye Niakhate N'Diaye,Parma,Serie A,skillcorner
